Spacecraft,Astronaut Name,Retrieved Time
ISS,Oleg Kononenko,2025-06-29 11:19:29.347535+00:00
ISS,Nikolai Chub,2025-06-29 11:19:29.347535+00:00
ISS,Tracy Caldwell Dyson,2025-06-29 11:19:29.347535+00:00
ISS,Matthew Dominick,2025-06-29 11:19:29.347535+00:00
ISS,Michael Barratt,2025-06-29 11:19:29.347535+00:00
ISS,Jeanette Epps,2025-06-29 11:19:29.347535+00:00
ISS,Alexander Grebenkin,2025-06-29 11:19:29.347535+00:00
ISS,Butch Wilmore,2025-06-29 11:19:29.347535+00:00
ISS,Sunita Williams,2025-06-29 11:19:29.347535+00:00
Tiangong,Li Guangsu,2025-06-29 11:19:29.347535+00:00
Tiangong,Li Cong,2025-06-29 11:19:29.347535+00:00
Tiangong,Ye Guangfu,2025-06-29 11:19:29.347535+00:00
