Spacecraft,Astronaut Name,Retrieved Time,Data Source
ISS,Oleg Kononenko,2025-06-29 09:26:30.438776+00:00,Open Notify API
ISS,Nikolai Chub,2025-06-29 09:26:30.438776+00:00,Open Notify API
ISS,Tracy Caldwell Dyson,2025-06-29 09:26:30.438776+00:00,Open Notify API
ISS,Matthew Dominick,2025-06-29 09:26:30.438776+00:00,Open Notify API
ISS,Michael Barratt,2025-06-29 09:26:30.438776+00:00,Open Notify API
ISS,Jeanette Epps,2025-06-29 09:26:30.438776+00:00,Open Notify API
ISS,Alexander Grebenkin,2025-06-29 09:26:30.438776+00:00,Open Notify API
ISS,Butch Wilmore,2025-06-29 09:26:30.438776+00:00,Open Notify API
ISS,Sunita Williams,2025-06-29 09:26:30.438776+00:00,Open Notify API
Tiangong,Li Guangsu,2025-06-29 09:26:30.438776+00:00,Open Notify API
Tiangong,Li Cong,2025-06-29 09:26:30.438776+00:00,Open Notify API
Tiangong,Ye Guangfu,2025-06-29 09:26:30.438776+00:00,Open Notify API
